LastName,FullName_x,team,FullTeam,position,GP,G,A,PPP,SHP,GWG,SOG,+/-,PIM,FOW,HIT,W,GAA,SV%,SO,name_key,BLK,historical_G,historical_A,historical_+/-,historical_PIM,historical_PPP,historical_SHP,historical_SOG,historical_FOW,historical_HIT,historical_BLK,historical_W,historical_GAA,historical_SV%,historical_SO,low_sample,projection_available,eligible_positions,scheduled_games,playoff_games,rival_week_games,z_G,z_A,z_+/-,z_PIM,z_PPP,z_SHP,z_SOG,z_FOW,z_HIT,z_BLK,z_W,z_GAA,z_SV%,z_SO,skater_value,goalie_value,FullName_y,fantasy_team,manager,rank
Murashov,Sergei Murashov,PIT,,G,5.0,,,,,,,,,,,16.8,2.55969,0.89655,16.8,sergeimurashov,,,,,,,,,,,,16.8,2.55969,0.89655,16.8,False,False,['G'],2,0.0,0.0,,,,,,,,,,,-0.8078952928290335,0.437722852908614,0.16643184520504142,3.7149264048070205,,3.5111858100916424,,,,1
Hofer,Joel Hofer,STL,,G,20.0,,,,,,,,,,,29.4,2.90989,0.89779,12.6,joelhofer,,,,,,,,,,,,29.4,2.90989,0.89779,12.6,False,False,['G'],2,0.0,0.0,,,,,,,,,,,-0.12859894992140145,0.15904717055028167,0.2048534032545973,2.65089800771318,,2.8861996315966576,,,,2
Sorokin,Ilya Sorokin,NYI,,G,24.0,,,,,,,,,,,42.0,2.54777,0.90976,10.5,ilyasorokin,,,,,,,,,,,,42.0,2.54777,0.90976,10.5,False,False,['G'],3,0.0,0.0,,,,,,,,,,,0.5506973929862308,0.4472083301607879,0.5757453789426442,2.118883809166259,,3.692534911255922,Ilya Sorokin,Better Safe Than Sorokin,Harley Pesner,3
Quick,Jonathan Quick,NYR,,G,9.0,,,,,,,,,,,28.0,1.78593,0.9365,9.333333333333332,jonathanquick,,,,,,,,,,,,28.0,1.78593,0.9365,9.333333333333332,False,False,['G'],2,0.0,0.0,,,,,,,,,,,-0.2040763213555827,1.0534512823248994,1.4042876872048278,1.823320365529081,,4.0769830137032255,,,,4
Gibson,John Gibson,DET,,G,20.0,,,,,,,,,,,46.2,3.0142,0.89179,8.4,johngibson,,,,,,,,,,,,46.2,3.0142,0.89179,8.4,False,False,['G'],3,0.0,0.0,,,,,,,,,,,0.777129507288775,0.0760412869786148,0.018942638498684463,1.5868696106193392,,2.4589830433854134,,,,5
Daccord,Joey Daccord,SEA,,G,22.0,,,,,,,,,,,34.36363636363637,2.85566,0.90117,7.636363636363637,joeydaccord,,,,,,,,,,,,34.36363636363637,2.85566,0.90117,7.636363636363637,False,False,['G'],3,0.0,0.0,,,,,,,,,,,0.13900263970887816,0.20220131747858652,0.3095831340670963,1.3934099020568225,,2.0441969933113837,,,,6
Kuemper,Darcy Kuemper,LAK,,G,23.0,,,,,,,,,,,36.52173913043478,2.18796,0.91666,7.304347826086956,darcykuemper,,,,,,,,,,,,36.52173913043478,2.18796,0.91666,7.304347826086956,False,False,['G'],3,0.0,0.0,,,,,,,,,,,0.25535115693943417,0.7335312806729283,0.7895427584119443,1.3092969852905108,,3.0877221813148177,Darcy Kuemper,Oy Matvey,Henry,7
Lindgren,Charlie Lindgren,WSH,,G,12.0,,,,,,,,,,,35.0,3.0697,0.8875,7.0,charlielindgren,,,,,,,,,,,,35.0,3.0697,0.8875,7.0,False,False,['G'],2,0.0,0.0,,,,,,,,,,,0.17331053581532405,0.03187652292696601,-0.11398355830179359,1.2321934782547255,,1.323396978695222,,,,8
Rittich,David Rittich,NYI,,G,12.0,,,,,,,,,,,49.0,2.53549,0.90801,7.0,davidrittich,,,,,,,,,,,,49.0,2.53549,0.90801,7.0,False,False,['G'],3,0.0,0.0,,,,,,,,,,,0.9280842501571376,0.45698028155816184,0.5215214058888354,1.2321934782547255,,3.1387794158588607,,,,9
Forsberg,Anton Forsberg,LAK,,G,12.0,,,,,,,,,,,35.0,2.69442,0.90062,7.0,antonforsberg,,,,,,,,,,,,35.0,2.69442,0.90062,7.0,False,False,['G'],3,0.0,0.0,,,,,,,,,,,0.17331053581532405,0.330509904067557,0.2925413139644694,1.2321934782547255,,2.028555232102076,,,,10
Silovs,Arturs Silovs,PIT,,G,16.0,,,,,,,,,,,26.25,3.22321,0.88914,5.25,arturssilovs,,,,,,,,,,,,26.25,3.22321,0.88914,5.25,False,False,['G'],2,0.0,0.0,,,,,,,,,,,-0.2984230356483094,-0.09028082715535135,-0.06316794926850813,0.7888483127989584,,0.33697650072678953,,,,11
Jarry,Tristan Jarry,EDM,,G,17.0,,,,,,,,,,,59.294117647058826,2.73065,0.90578,4.9411764705882355,tristanjarry,,,,,,,,,,,,59.294117647058826,2.73065,0.90578,4.9411764705882355,False,False,['G'],2,0.0,0.0,,,,,,,,,,,1.4830649224672947,0.30167946439924653,0.45242457165455596,0.7106109306597054,,2.9477798891808025,Tristan Jarry,Slaffing From The Throne,Rob,12
Lyon,Alex Lyon,BUF,,G,19.0,,,,,,,,,,,35.368421052631575,2.9197,0.90619,4.421052631578947,alexlyon,,,,,,,,,,,,35.368421052631575,2.9197,0.90619,4.421052631578947,False,False,['G'],2,0.0,0.0,,,,,,,,,,,0.19317300198221368,0.15124075009358456,0.4651284739128773,0.5788427081093843,,1.3883849340980599,,,,13
Vejmelka,Karel Vejmelka,UTA,,G,29.0,,,,,,,,,,,46.3448275862069,2.70435,0.89568,2.896551724137931,karelvejmelka,,,,,,,,,,,,46.3448275862069,2.70435,0.89568,2.896551724137931,False,False,['G'],1,0.0,0.0,,,,,,,,,,,0.7849375112302419,0.322607992229127,0.13947478431543636,0.192625504082582,,1.4396457918573873,,,,14
Stolarz,Anthony Stolarz,TOR,,G,13.0,,,,,,,,,,,38.769230769230774,3.50818,0.88385,0.0,anthonystolarz,,,,,,,,,,,,38.769230769230774,3.50818,0.88385,0.0,False,False,['G'],3,0.0,0.0,,,,,,,,,,,0.3765188435227356,-0.3170489859264934,-0.22707927352830498,-0.5411871835683427,,-0.7087965995004055,Anthony Stolarz,Hagel Cream Cheese & Larks,Ilan Weintraub,15
Hill,Adin Hill,VGK,,G,5.0,,,,,,,,,,,16.8,2.7312,0.88764,0.0,adinhill,,,,,,,,,,,,16.8,2.7312,0.88764,0.0,False,False,['G'],2,0.0,0.0,,,,,,,,,,,-0.8078952928290335,0.30124179556630226,-0.10964564045748806,-0.5411871835683427,,-1.157486321288562,Adin Hill,Hagel Cream Cheese & Larks,Ilan Weintraub,16
Pickard,Calvin Pickard,EDM,,G,13.0,,,,,,,,,,,19.384615384615387,3.92984,0.86111,0.0,calvinpickard,,,,,,,,,,,,19.384615384615387,3.92984,0.86111,0.0,False,False,['G'],2,0.0,0.0,,,,,,,,,,,-0.6685524532582371,-0.6525897861070029,-0.9316810719532135,-0.5411871835683427,,-2.794010494886796,,,,17
Primeau,Cayden Primeau,TOR,,G,3.0,,,,,,,,,,,56.0,4.29831,0.8375,0.0,caydenprimeau,,,,,,,,,,,,56.0,4.29831,0.8375,0.0,False,False,['G'],3,0.0,0.0,,,,,,,,,,,1.3054711073280443,-0.9458040313342292,-1.6632399312677304,-0.5411871835683427,,-1.8447600388422578,,,,18
Tolopilo,Nikita Tolopilo,VAN,,G,4.0,,,,,,,,,,,42.0,2.74413,0.91089,0.0,nikitatolopilo,,,,,,,,,,,,42.0,2.74413,0.91089,0.0,False,False,['G'],2,0.0,0.0,,,,,,,,,,,0.5506973929862308,0.2909525991845395,0.6107585729716734,-0.5411871835683427,,0.9112213815741009,,,,19
Vanecek,Vitek Vanecek,UTA,,G,10.0,,,,,,,,,,,16.8,2.98746,0.8728,0.0,vitekvanecek,,,,,,,,,,,,16.8,2.98746,0.8728,0.0,False,False,['G'],1,0.0,0.0,,,,,,,,,,,-0.8078952928290335,0.09731994987485085,-0.5694649319537777,-0.5411871835683427,,-1.821227458476303,,,,20
Annunen,Justus Annunen,NSH,,G,11.0,,,,,,,,,,,15.272727272727273,3.4312,0.87068,0.0,justusannunen,,,,,,,,,,,,15.272727272727273,3.4312,0.87068,0.0,False,False,['G'],2,0.0,0.0,,,,,,,,,,,-0.8902342434845041,-0.25579126454458484,-0.6351534021675338,-0.5411871835683427,,-2.3223660937649653,,,,21
Ingram,Connor Ingram,EDM,,G,1.0,,,,,,,,,,,84.0,3.0,0.89655,0.0,connoringram,,,,,,,,,,,,84.0,3.0,0.89655,0.0,False,False,['G'],2,0.0,0.0,,,,,,,,,,,2.8150185360116713,0.08734110048372154,0.16643184520504142,-0.5411871835683427,,2.5276042981320916,,,,22
Daws,Nico Daws,NJD,,G,1.0,,,,,,,,,,,84.0,1.0,0.96774,0.0,nicodaws,,,,,,,,,,,,84.0,1.0,0.96774,0.0,False,False,['G'],2,0.0,0.0,,,,,,,,,,,2.8150185360116713,1.67886412937197,2.372263069033948,-0.5411871835683427,,6.324958550849247,,,,23
Dobes,Jakub Dobes,MTL,,G,20.0,,,,,,,,,,,50.4,2.9036,0.89361,0.0,jakubdobes,,,,,,,,,,,,50.4,2.9036,0.89361,0.0,False,False,['G'],2,0.0,0.0,,,,,,,,,,,1.0035616215913188,0.16405251047613514,0.075335570474646,-0.5411871835683427,,0.7017625189737572,,,,24
Korpisalo,Joonas Korpisalo,BOS,,G,14.0,,,,,,,,,,,36.0,3.62799,0.8802,0.0,joonaskorpisalo,,,,,,,,,,,,36.0,3.62799,0.8802,0.0,False,False,['G'],2,0.0,0.0,,,,,,,,,,,0.22722294398259643,-0.412389172972044,-0.34017498875481983,-0.5411871835683427,,-1.0665284013126102,,,,25
Lindbom,Carl Lindbom,VGK,,G,7.0,,,,,,,,,,,12.0,3.1375,0.86982,0.0,carllindbom,,,,,,,,,,,,12.0,3.1375,0.86982,0.0,False,False,['G'],2,0.0,0.0,,,,,,,,,,,-1.066674852031941,-0.02207610775234568,-0.661800611782547,-0.5411871835683427,,-2.291738755135176,,,,26
Patera,Jiri Patera,VAN,,G,1.0,,,,,,,,,,,0.0,7.39219,0.825,0.0,jiripatera,,,,,,,,,,,,0.0,7.39219,0.825,0.0,False,False,['G'],2,0.0,0.0,,,,,,,,,,,-1.7136237500392097,-3.407794665642616,-2.0505540245092173,-0.5411871835683427,,-7.713159623759386,,,,27
Akhtyamov,Artur Akhtyamov,TOR,,G,1.0,,,,,,,,,,,0.0,0.0,1.0,0.0,arturakhtyamov,,,,,,,,,,,,0.0,0.0,1.0,0.0,False,False,['G'],3,0.0,0.0,,,,,,,,,,,-1.7136237500392097,2.4746256438160943,3.37184328087157,-0.5411871835683427,,3.591657991080112,,,,28
Buteyets,Vyacheslav Buteyets,ANA,,G,1.0,,,,,,,,,,,0.0,9.0,0.76923,0.0,vyacheslavbuteyets,,,,,,,,,,,,0.0,9.0,0.76923,0.0,False,False,['G'],2,0.0,0.0,,,,,,,,,,,-1.7136237500392097,-4.687227986181024,-3.778594582915425,-0.5411871835683427,,-10.720633502704002,,,,29
Miner,Trent Miner,COL,,G,2.0,,,,,,,,,,,0.0,2.11982,0.90909,0.0,trentminer,,,,,,,,,,,,0.0,2.11982,0.90909,0.0,False,False,['G'],2,0.0,0.0,,,,,,,,,,,-1.7136237500392097,0.787754470267151,0.5549853435448988,-0.5411871835683427,,-0.9120711197955027,,,,30
Kolosov,Aleksei Kolosov,PHI,,G,2.0,,,,,,,,,,,0.0,1.62418,0.92857,0.0,alekseikolosov,,,,,,,,,,,,0.0,1.62418,0.92857,0.0,False,False,['G'],3,0.0,0.0,,,,,,,,,,,-1.7136237500392097,1.1821657072862366,1.1585756264524303,-0.5411871835683427,,0.08593040013111441,,,,31
Milic,Thomas Milic,WPG,,G,3.0,,,,,,,,,,,0.0,3.46237,0.87096,0.0,thomasmilic,,,,,,,,,,,,0.0,3.46237,0.87096,0.0,False,False,['G'],1,0.0,0.0,,,,,,,,,,,-1.7136237500392097,-0.28059515094980814,-0.6264775664789262,-0.5411871835683427,,-3.1618836510362867,,,,32
Soderblom,Arvid Soderblom,CHI,,G,11.0,,,,,,,,,,,22.909090909090907,4.04411,0.87319,0.0,arvidsoderblom,,,,,,,,,,,,22.909090909090907,4.04411,0.87319,0.0,False,False,['G'],3,0.0,0.0,,,,,,,,,,,-0.47853949020715136,-0.7435214543625329,-0.5573807322446432,-0.5411871835683427,,-2.32062886038267,,,,33
Askarov,Yaroslav Askarov,SJS,,G,22.0,,,,,,,,,,,45.81818181818181,3.21956,0.90178,0.0,yaroslavaskarov,,,,,,,,,,,,45.81818181818181,3.21956,0.90178,0.0,False,False,['G'],2,0.0,0.0,,,,,,,,,,,0.7565447696249069,-0.08737629762763036,0.32848406181728074,-0.5411871835683427,,0.4564653502462146,,,,34
Mrazek,Petr Mrazek,ANA,,G,8.0,,,,,,,,,,,31.5,3.84998,0.86757,0.0,petrmrazek,,,,,,,,,,,,31.5,3.84998,0.86757,0.0,False,False,['G'],2,0.0,0.0,,,,,,,,,,,-0.01538289277012933,-0.5890402715634951,-0.7315171485660169,-0.5411871835683427,,-1.8771274964679838,,,,35
Cooley,Devin Cooley,CGY,,G,13.0,,,,,,,,,,,25.846153846153847,2.40131,0.91437,0.0,devincooley,,,,,,,,,,,,25.846153846153847,2.40131,0.91437,0.0,False,False,['G'],2,0.0,0.0,,,,,,,,,,,-0.3201953543312463,0.5637555615662742,0.7185868165301038,-0.5411871835683427,,0.420959840196789,,,,36
Merzlikins,Elvis Merzlikins,CBJ,,G,14.0,,,,,,,,,,,36.0,4.0352,0.87727,0.0,elvismerzlikins,,,,,,,,,,,,36.0,4.0352,0.87727,0.0,False,False,['G'],2,0.0,0.0,,,,,,,,,,,0.22722294398259643,-0.7364312192688356,-0.4309614122106235,-0.5411871835683427,,-1.4813568710652052,,,,37
Comrie,Eric Comrie,WPG,,G,15.0,,,,,,,,,,,33.6,3.30127,0.88607,0.0,ericcomrie,,,,,,,,,,,,33.6,3.30127,0.88607,0.0,False,False,['G'],1,0.0,0.0,,,,,,,,,,,0.09783316438114277,-0.15239797097285987,-0.15829229056861732,-0.5411871835683427,,-0.7540442807286771,,,,38
Husso,Ville Husso,ANA,,G,9.0,,,,,,,,,,,46.66666666666667,3.24571,0.88392,0.0,villehusso,,,,,,,,,,,,46.66666666666667,3.24571,0.88392,0.0,False,False,['G'],2,0.0,0.0,,,,,,,,,,,0.8022886311001689,-0.10818546123034412,-0.22491031460615224,-0.5411871835683427,,-0.07199432830467017,,,,39
Luukkonen,Ukko-Pekka Luukkonen,BUF,,G,11.0,,,,,,,,,,,38.18181818181818,2.73341,0.89219,0.0,ukkopekkaluukkonen,,,,,,,,,,,,38.18181818181818,2.73341,0.89219,0.0,False,False,['G'],2,0.0,0.0,,,,,,,,,,,0.3448500163475543,0.2994831626193805,0.03133668948241405,-0.5411871835683427,,0.13448268488100623,,,,40
Johansson,Jonas Johansson,TBL,,G,15.0,,,,,,,,,,,39.2,2.7564,0.89682,0.0,jonasjohansson,,,,,,,,,,,,39.2,2.7564,0.89682,0.0,False,False,['G'],3,0.0,0.0,,,,,,,,,,,0.39974265011786825,0.28118860540231005,0.17479782961905727,-0.5411871835683427,,0.3145419015708929,,,,41
Talbot,Cam Talbot,DET,,G,19.0,,,,,,,,,,,44.21052631578947,3.00041,0.88679,0.0,camtalbot,,,,,,,,,,,,44.21052631578947,3.00041,0.88679,0.0,False,False,['G'],3,0.0,0.0,,,,,,,,,,,0.6698721899875697,0.08701483826279943,-0.13598299879790957,-0.5411871835683427,,0.07971684588411687,,,,42
Ersson,Samuel Ersson,PHI,,G,13.0,,,,,,,,,,,32.30769230769231,3.10478,0.86708,0.0,samuelersson,,,,,,,,,,,,32.30769230769231,3.10478,0.86708,0.0,False,False,['G'],3,0.0,0.0,,,,,,,,,,,0.028161744595744467,0.003961209000266307,-0.7466998610210829,-0.5411871835683427,,-1.2557640909934147,,,,43
Andersen,Frederik Andersen,CAR,,G,14.0,,,,,,,,,,,30.0,3.15073,0.87464,0.0,frederikandersen,,,,,,,,,,,,30.0,3.15073,0.87464,0.0,False,False,['G'],2,0.0,0.0,,,,,,,,,,,-0.09625150502103792,-0.03260403258844115,-0.5124522974286325,-0.5411871835683427,,-1.1824950186064545,,,,44
Montembeault,Samuel Montembeault,MTL,,G,15.0,,,,,,,,,,,28.0,3.65013,0.85714,0.0,samuelmontembeault,,,,,,,,,,,,28.0,3.65013,0.85714,0.0,False,False,['G'],2,0.0,0.0,,,,,,,,,,,-0.2040763213555827,-0.43000733290183685,-1.05469202796671,-0.5411871835683427,,-2.2299628657924724,,,,45
Nedeljkovic,Alex Nedeljkovic,SJS,,G,16.0,,,,,,,,,,,26.25,3.01321,0.89912,0.0,alexnedeljkovic,,,,,,,,,,,,26.25,3.01321,0.89912,0.0,False,False,['G'],2,0.0,0.0,,,,,,,,,,,-0.2984230356483094,0.0768290908779147,0.24606362277549293,-0.5411871835683427,,-0.5167175055632445,,,,46
Saros,Juuse Saros,NSH,,G,27.0,,,,,,,,,,,40.44444444444444,2.95298,0.89705,0.0,juusesaros,,,,,,,,,,,,40.44444444444444,2.95298,0.89705,0.0,False,False,['G'],2,0.0,0.0,,,,,,,,,,,0.4668336469482514,0.12475780689288413,0.18192440893470255,-0.5411871835683427,,0.23232867920749534,,,,47
Ellis,Colten Ellis,BUF,,G,8.0,,,,,,,,,,,42.0,3.25215,0.89473,0.0,coltenellis,,,,,,,,,,,,42.0,3.25215,0.89473,0.0,False,False,['G'],2,0.0,0.0,,,,,,,,,,,0.5506973929862308,-0.11331016538336428,0.11003891322908334,-0.5411871835683427,,0.0062389572636071255,,,,48
Meriläinen,Leevi Merilainen,OTT,,G,9.0,,,,,,,,,,,37.33333333333333,3.40114,0.87234,0.0,leevimerilainen,,,,,,,,,,,,37.33333333333333,3.40114,0.87234,0.0,False,False,['G'],2,0.0,0.0,,,,,,,,,,,0.2991061548722927,-0.2318706734203943,-0.5837180905850647,-0.5411871835683427,,-1.057669792701509,,,,49
Grubauer,Philipp Grubauer,SEA,,G,10.0,,,,,,,,,,,33.6,2.77697,0.89958,0.0,philippgrubauer,,,,,,,,,,,,33.6,2.77697,0.89958,0.0,False,False,['G'],3,0.0,0.0,,,,,,,,,,,0.09783316438114277,0.2648197910501946,0.26031678140678005,-0.5411871835683427,,0.08178255326977468,,,,50
Tarasov,Daniil Tarasov,FLA,,G,12.0,,,,,,,,,,,28.0,2.9682,0.8997,0.0,daniiltarasov,,,,,,,,,,,,28.0,2.9682,0.8997,0.0,False,False,['G'],2,0.0,0.0,,,,,,,,,,,-0.2040763213555827,0.11264631664304472,0.2640349967018986,-0.5411871835683427,,-0.3685821915789821,,,,51
Murray,Matt Murray,SEA,,G,5.0,,,,,,,,,,,0.0,2.21317,0.92156,0.0,mattmurray,,,,,,,,,,,,0.0,2.21317,0.92156,0.0,False,False,['G'],3,0.0,0.0,,,,,,,,,,,-1.7136237500392097,0.7134701328937919,0.9413698829626068,-0.5411871835683427,,-0.5999709177511539,,,,52
