week_start,team,games
2025-12-22,ANA,2
2025-12-22,BOS,2
2025-12-22,BUF,2
2025-12-22,CAR,2
2025-12-22,CBJ,2
2025-12-22,CGY,2
2025-12-22,CHI,2
2025-12-22,COL,2
2025-12-22,DAL,2
2025-12-22,DET,2
2025-12-22,EDM,2
2025-12-22,FLA,2
2025-12-22,LAK,3
2025-12-22,MIN,2
2025-12-22,MTL,2
2025-12-22,NJD,2
2025-12-22,NSH,2
2025-12-22,NYI,3
2025-12-22,NYR,2
2025-12-22,OTT,2
2025-12-22,PHI,2
2025-12-22,PIT,1
2025-12-22,SEA,2
2025-12-22,SJS,2
2025-12-22,STL,2
2025-12-22,TBL,3
2025-12-22,TOR,2
2025-12-22,UTA,1
2025-12-22,VAN,2
2025-12-22,VGK,2
2025-12-22,WPG,1
2025-12-22,WSH,2
2025-12-29,CHI,1
2025-12-29,DET,1
2025-12-29,PHI,1
2025-12-29,PIT,1
2025-12-29,SEA,1
2025-12-29,TOR,1
