fantasy_team,manager,z_G,z_A,z_+/-,z_PIM,z_PPP,z_SHP,z_SOG,z_FOW,z_HIT,z_BLK,z_W,z_GAA,z_SV%,z_SO,skater_strength,goalie_strength,G_rank,A_rank,+/-_rank,PIM_rank,PPP_rank,SHP_rank,SOG_rank,FOW_rank,HIT_rank,BLK_rank,W_rank,GAA_rank,SV%_rank,SO_rank,skater_rank,goalie_rank,best_category,weakest_category
Slaffing From The Throne,Rob,29.781718134088884,27.27495397832605,15.27750355695937,10.91148307796558,33.45166506230245,2.5953529474111665,31.808606430429016,3.494364447449668,2.8101042948781907,0.0,1.4830649224672947,0.30167946439924653,0.45242457165455596,0.7106109306597054,157.40575192981038,2.9477798891808025,2,6,1,2,1,5,3,8,2,1,1,3,3,3,1,3,PPP,BLK
Hagel Cream Cheese & Larks,Ilan Weintraub,29.037309491275828,31.033032383432626,9.42276956465239,11.416172524683422,28.188637757959537,4.623687481123114,31.19537579620534,10.273632650273603,-6.8366080631910755,0.0,-0.43137644930629787,-0.015807190360191126,-0.3367249139857931,-1.0823743671366854,148.3540095864148,-1.8662829207889675,3,1,5,1,5,4,4,6,6,1,9,9,9,9,2,9,SOG,HIT
The Makar Of The Devil,Lev,18.968578373337984,28.235292559746835,14.571548474232834,3.6327408287686405,19.31731514906459,17.01688319189779,23.95811798958402,13.890142212555386,4.626199703995093,0.0,0.0,0.0,0.0,0.0,144.21681848318318,0.0,8,3,2,3,7,1,8,1,1,1,4,4,4,4,3,4,A,BLK
Oy Matvey,Henry,31.61433347285134,25.691500845377945,3.8901756878346934,-1.4373716979371531,28.89398080368447,-0.5650915619180448,39.20754651608337,13.276739629410798,0.1618852951828308,0.0,0.25535115693943417,0.7335312806729283,0.7895427584119443,1.3092969852905108,140.73369899057028,3.0877221813148177,1,8,7,7,3,8,1,3,3,1,3,1,1,2,4,2,SOG,PIM
Filip Use the Forceberg,Philip,23.2472245302189,28.10431380244432,-0.8699561480248291,-5.930463999319574,32.220231011974015,1.1103945012289067,33.19494029351127,12.206486571619259,-0.23090680820976583,0.0,0.0,0.0,0.0,0.0,123.05226375544251,0.0,4,4,9,9,2,6,2,4,5,1,4,4,4,4,5,4,SOG,PIM
Hintz 57,Ryan,19.529464035988845,27.81887579707486,11.45755713651511,1.1037838732801377,28.43436819797394,-4.854266957460045,28.545123356188085,13.352707784108336,-15.157650548383758,0.0,0.0,0.0,0.0,0.0,110.2299626752855,0.0,7,5,3,5,4,9,6,2,9,1,4,4,4,4,6,4,SOG,HIT
Better Safe Than Sorokin,Harley Pesner,22.909588891021986,28.347329163011988,9.55477640356594,-5.055721073689208,24.92498534683033,4.977724708366314,28.817569887522648,4.472432989691132,-11.977323532948796,0.0,0.5506973929862308,0.4472083301607879,0.5757453789426442,2.118883809166259,106.97136278337233,3.692534911255922,5,2,4,8,6,3,5,7,8,1,2,2,2,1,7,1,SOG,HIT
KYYYYLE….,jeremy elgressy,20.033324406485697,25.966105285175654,5.844560005810461,1.9357445832590532,14.368805344740245,7.249218038388087,24.381711806273177,10.67234316310759,-11.782958938662489,0.0,0.0,0.0,0.0,0.0,98.66885369457746,0.0,6,7,6,4,8,2,7,5,7,1,4,4,4,4,8,4,A,HIT
,,0.0,0.0,0.0,0.0,0.0,0.0,0.0,0.0,0.0,0.0,0.0,0.0,0.0,0.0,0.0,0.0,9,9,8,6,9,7,9,9,4,1,4,4,4,4,9,4,G,G
